email,password
admin,123456aA@
ironman@gmail.com,123456aA@
yadnyesh@vectorconsulting.in,123456aA@
load_tester1@gmail.com,123456aA@
load_tester2@gmail.com,123456aA@
load_tester3@gmail.com,123456aA@
load_tester4@gmail.com,123456aA@
load_tester5@gmail.com,123456aA@
load_tester6@gmail.com,123456aA@
load_tester7@gmail.com,123456aA@
load_tester8@gmail.com,123456aA@
load_tester9@gmail.com,123456aA@
load_tester10@gmail.com,123456aA@
load_tester11@gmail.com,123456aA@
load_tester12@gmail.com,123456aA@
load_tester13@gmail.com,123456aA@
load_tester14@gmail.com,123456aA@
load_tester15@gmail.com,123456aA@
load_tester16@gmail.com,123456aA@
load_tester17@gmail.com,123456aA@
load_tester18@gmail.com,123456aA@
load_tester19@gmail.com,123456aA@
load_tester20@gmail.com,123456aA@
